feature,coefficient,absolute_coefficient
赛事=World Cup,0.1283384558651727,0.1283384558651727
球迷基础均值,0.04976165454801822,0.04976165454801822
球迷基础最小,0.03887235691731178,0.03887235691731178
综合实力绝对差,-0.018811876191803693,0.018811876191803693
球迷基础最大,0.014968165296499886,0.014968165296499886
市值绝对差,-0.009679940749866825,0.009679940749866825
进攻风格最小,0.0041627510628678924,0.0041627510628678924
平均年龄绝对差,0.0038246388569427017,0.0038246388569427017
赛事=World Cup Qualifier,-0.002332959015784897,0.002332959015784897
进攻风格均值,0.001520689637136389,0.001520689637136389
赛事=Continental Cup,-0.0013400379084514671,0.0013400379084514671
防守风格最大,0.0013118406568797467,0.0013118406568797467
市值最小,0.0009142032460424468,0.0009142032460424468
中立场,-0.0002564216095514299,0.0002564216095514299
东道主标记均值,1.2955215826228361e-05,1.2955215826228361e-05
