scenario,indicator,factor,Z2_scenario,Z2_original_weights,slot_change_rate,venue_change_rate,assignment_change_rate,T,B,C,D,F,R,all_constraints_passed,slot_runtime_seconds,venue_runtime_seconds
baseline,baseline,1.0,0.27245335427844,0.27245335427844,0.0,0.0,0.0,285910470.0,326546865.536447,53.05500000000001,0.18924710028406608,0.0,0.4103640767798951,True,,
T_0.8,T,0.8,0.26710658581282287,0.2724818287017982,0.5972222222222222,0.4305555555555556,0.7638888888888888,285910470.0,326532314.29737556,53.230000000000004,0.18787878857768736,0.0,0.4069612581573334,True,19.590256956998928,0.13223401499999454
T_1.2,T,1.2,0.27730425231445577,0.27243889275056216,0.5972222222222222,0.4166666666666667,0.75,285910470.0,326553744.927496,53.2,0.18978700939009402,0.0,0.4068859966131862,True,29.923178293996898,1.0976123260006716
B_0.8,B,0.8,0.2628679470412348,0.27249463797920936,0.6944444444444444,0.4722222222222222,0.8194444444444444,285910470.0,326529498.5054075,53.03,0.18891200807414835,0.0,0.41068645469384435,True,22.971233276999556,0.16821035500106518
B_1.2,B,1.2,0.2811475625107746,0.27243459217186294,0.6388888888888888,0.4305555555555556,0.8472222222222222,285910470.0,326532241.74105,53.035000000000004,0.19001060299966888,0.0,0.41042692387060176,True,23.459863724998286,0.24395952499980922
C_0.8,C,0.8,0.2840984082275479,0.2723233650968733,0.75,0.5416666666666666,0.8472222222222222,285910470.0,326531523.067651,53.435,0.18861779207412177,0.0,0.40330942435950257,True,28.443698889001098,0.2257958839982166
C_1.2,C,1.2,0.2612451094969375,0.27245160129719775,0.6388888888888888,0.4166666666666667,0.7361111111111112,285910470.0,326567332.518783,53.015,0.18881324758740867,0.0,0.4116644113874516,True,27.40049249799995,0.10163958300108789
D_0.8,D,0.8,0.27892208886131653,0.27234931240506605,0.7638888888888888,0.4305555555555556,0.8611111111111112,285910470.0,326513160.0498455,53.035,0.19056194372800261,0.0,0.41078042394507297,True,16.199771273997612,0.14750651399663184
D_1.2,D,1.2,0.26609175795355816,0.27246205088026404,0.5833333333333334,0.4305555555555556,0.7777777777777778,285910470.0,326536579.767068,53.02000000000001,0.18892916538257673,0.0,0.41123964957869025,True,25.145163708999462,0.49042192900014925
F_0.8,F,0.8,0.2757126947056858,0.27240414236921756,0.5972222222222222,0.4722222222222222,0.7777777777777778,285910470.0,326583729.2255225,53.05000000000001,0.1894405704674723,0.0,0.4109767133960862,True,27.179299900999467,0.5002529580015107
F_1.2,F,1.2,0.2692395140090776,0.27247038817718655,0.6388888888888888,0.4722222222222222,0.8194444444444444,285910470.0,326522234.6145935,53.075,0.1880411541645043,0.0,0.4104335132149846,True,22.87737805299912,0.45840557900010026
R_0.8,R,0.8,0.27871367955643106,0.2725032949696576,0.75,0.5,0.875,285910470.0,326594829.9253576,53.02000000000001,0.18811375336995967,0.0,0.4116478170145878,True,22.276672490002966,0.8992118220012344
R_1.2,R,1.2,0.26641206569168596,0.2724276104861676,0.6388888888888888,0.4722222222222222,0.8194444444444444,285910470.0,326562275.50503147,53.23500000000001,0.18844314708340987,0.0,0.40711945996819654,True,41.57614990699949,1.0412580039992463
