team_name,elo_rank,elo_rating,rating_date,source_url
Brazil,1,2169,2022-11-12,https://www.international-football.net/elo-ratings-table?confed=&day=12&month=11&old-team=&year=2022
Argentina,2,2141,2022-11-12,https://www.international-football.net/elo-ratings-table?confed=&day=12&month=11&old-team=&year=2022
Spain,3,2045,2022-11-12,https://www.international-football.net/elo-ratings-table?confed=&day=12&month=11&old-team=&year=2022
Netherlands,4,2041,2022-11-12,https://www.international-football.net/elo-ratings-table?confed=&day=12&month=11&old-team=&year=2022
Belgium,5,2025,2022-11-12,https://www.international-football.net/elo-ratings-table?confed=&day=12&month=11&old-team=&year=2022
France,6,2005,2022-11-12,https://www.international-football.net/elo-ratings-table?confed=&day=12&month=11&old-team=&year=2022
Portugal,7,2003,2022-11-12,https://www.international-football.net/elo-ratings-table?confed=&day=12&month=11&old-team=&year=2022
Denmark,9,1971,2022-11-12,https://www.international-football.net/elo-ratings-table?confed=&day=12&month=11&old-team=&year=2022
Germany,10,1960,2022-11-12,https://www.international-football.net/elo-ratings-table?confed=&day=12&month=11&old-team=&year=2022
Uruguay,11,1936,2022-11-12,https://www.international-football.net/elo-ratings-table?confed=&day=12&month=11&old-team=&year=2022
Switzerland,12,1929,2022-11-12,https://www.international-football.net/elo-ratings-table?confed=&day=12&month=11&old-team=&year=2022
Croatia,13,1922,2022-11-12,https://www.international-football.net/elo-ratings-table?confed=&day=12&month=11&old-team=&year=2022
England,14,1920,2022-11-12,https://www.international-football.net/elo-ratings-table?confed=&day=12&month=11&old-team=&year=2022
Serbia,16,1892,2022-11-12,https://www.international-football.net/elo-ratings-table?confed=&day=12&month=11&old-team=&year=2022
Ecuador,18,1833,2022-11-12,https://www.international-football.net/elo-ratings-table?confed=&day=12&month=11&old-team=&year=2022
Mexico,21,1821,2022-11-12,https://www.international-football.net/elo-ratings-table?confed=&day=12&month=11&old-team=&year=2022
Iran,22,1817,2022-11-12,https://www.international-football.net/elo-ratings-table?confed=&day=12&month=11&old-team=&year=2022
Poland,23,1809,2022-11-12,https://www.international-football.net/elo-ratings-table?confed=&day=12&month=11&old-team=&year=2022
USA,24,1798,2022-11-12,https://www.international-football.net/elo-ratings-table?confed=&day=12&month=11&old-team=&year=2022
Japan,24,1798,2022-11-12,https://www.international-football.net/elo-ratings-table?confed=&day=12&month=11&old-team=&year=2022
Wales,26,1790,2022-11-12,https://www.international-football.net/elo-ratings-table?confed=&day=12&month=11&old-team=&year=2022
South Korea,28,1786,2022-11-12,https://www.international-football.net/elo-ratings-table?confed=&day=12&month=11&old-team=&year=2022
Canada,29,1765,2022-11-12,https://www.international-football.net/elo-ratings-table?confed=&day=12&month=11&old-team=&year=2022
Morocco,32,1753,2022-11-12,https://www.international-football.net/elo-ratings-table?confed=&day=12&month=11&old-team=&year=2022
Costa Rica,34,1744,2022-11-12,https://www.international-football.net/elo-ratings-table?confed=&day=12&month=11&old-team=&year=2022
Australia,39,1719,2022-11-12,https://www.international-football.net/elo-ratings-table?confed=&day=12&month=11&old-team=&year=2022
Senegal,43,1687,2022-11-12,https://www.international-football.net/elo-ratings-table?confed=&day=12&month=11&old-team=&year=2022
Tunisia,43,1687,2022-11-12,https://www.international-football.net/elo-ratings-table?confed=&day=12&month=11&old-team=&year=2022
Qatar,48,1680,2022-11-12,https://www.international-football.net/elo-ratings-table?confed=&day=12&month=11&old-team=&year=2022
Saudi Arabia,54,1640,2022-11-12,https://www.international-football.net/elo-ratings-table?confed=&day=12&month=11&old-team=&year=2022
Cameroon,61,1609,2022-11-12,https://www.international-football.net/elo-ratings-table?confed=&day=12&month=11&old-team=&year=2022
Ghana,73,1540,2022-11-12,https://www.international-football.net/elo-ratings-table?confed=&day=12&month=11&old-team=&year=2022
