match_id,competition,stage,group_id,round_in_group,team_a,team_b,venue,city,country,date,local_kickoff_time,utc_datetime,goals_a,goals_b,source_url,retrieval_date
WC2022_01,FIFA World Cup 2022,Group,A,1,Qatar,Ecuador,Al Bayt Stadium,Al Khor,Qatar,2022-11-20,19:00,2022-11-20 16:00,0,2,https://github.com/openfootball/worldcup.json/blob/516d3825c3bd23fdc298c4014e84bde78f2d4965/2022/worldcup.json,2026-08-16
WC2022_03,FIFA World Cup 2022,Group,A,1,Senegal,Netherlands,Al Thumama Stadium,Doha,Qatar,2022-11-21,19:00,2022-11-21 16:00,0,2,https://github.com/openfootball/worldcup.json/blob/516d3825c3bd23fdc298c4014e84bde78f2d4965/2022/worldcup.json,2026-08-16
WC2022_18,FIFA World Cup 2022,Group,A,2,Qatar,Senegal,Al Thumama Stadium,Doha,Qatar,2022-11-25,16:00,2022-11-25 13:00,1,3,https://github.com/openfootball/worldcup.json/blob/516d3825c3bd23fdc298c4014e84bde78f2d4965/2022/worldcup.json,2026-08-16
WC2022_19,FIFA World Cup 2022,Group,A,2,Netherlands,Ecuador,Khalifa International Stadium,Al Rayyan,Qatar,2022-11-25,19:00,2022-11-25 16:00,1,1,https://github.com/openfootball/worldcup.json/blob/516d3825c3bd23fdc298c4014e84bde78f2d4965/2022/worldcup.json,2026-08-16
WC2022_33,FIFA World Cup 2022,Group,A,3,Ecuador,Senegal,Khalifa International Stadium,Al Rayyan,Qatar,2022-11-29,18:00,2022-11-29 15:00,1,2,https://github.com/openfootball/worldcup.json/blob/516d3825c3bd23fdc298c4014e84bde78f2d4965/2022/worldcup.json,2026-08-16
WC2022_34,FIFA World Cup 2022,Group,A,3,Netherlands,Qatar,Al Bayt Stadium,Al Khor,Qatar,2022-11-29,18:00,2022-11-29 15:00,2,0,https://github.com/openfootball/worldcup.json/blob/516d3825c3bd23fdc298c4014e84bde78f2d4965/2022/worldcup.json,2026-08-16
WC2022_02,FIFA World Cup 2022,Group,B,1,England,Iran,Khalifa International Stadium,Al Rayyan,Qatar,2022-11-21,16:00,2022-11-21 13:00,6,2,https://github.com/openfootball/worldcup.json/blob/516d3825c3bd23fdc298c4014e84bde78f2d4965/2022/worldcup.json,2026-08-16
WC2022_04,FIFA World Cup 2022,Group,B,1,United States,Wales,Ahmad bin Ali Stadium,Al Rayyan,Qatar,2022-11-21,22:00,2022-11-21 19:00,1,1,https://github.com/openfootball/worldcup.json/blob/516d3825c3bd23fdc298c4014e84bde78f2d4965/2022/worldcup.json,2026-08-16
WC2022_17,FIFA World Cup 2022,Group,B,2,Wales,Iran,Ahmad bin Ali Stadium,Al Rayyan,Qatar,2022-11-25,13:00,2022-11-25 10:00,0,2,https://github.com/openfootball/worldcup.json/blob/516d3825c3bd23fdc298c4014e84bde78f2d4965/2022/worldcup.json,2026-08-16
WC2022_20,FIFA World Cup 2022,Group,B,2,England,United States,Al Bayt Stadium,Al Khor,Qatar,2022-11-25,22:00,2022-11-25 19:00,0,0,https://github.com/openfootball/worldcup.json/blob/516d3825c3bd23fdc298c4014e84bde78f2d4965/2022/worldcup.json,2026-08-16
WC2022_35,FIFA World Cup 2022,Group,B,3,Wales,England,Ahmad bin Ali Stadium,Al Rayyan,Qatar,2022-11-29,22:00,2022-11-29 19:00,0,3,https://github.com/openfootball/worldcup.json/blob/516d3825c3bd23fdc298c4014e84bde78f2d4965/2022/worldcup.json,2026-08-16
WC2022_36,FIFA World Cup 2022,Group,B,3,Iran,United States,Al Thumama Stadium,Doha,Qatar,2022-11-29,22:00,2022-11-29 19:00,0,1,https://github.com/openfootball/worldcup.json/blob/516d3825c3bd23fdc298c4014e84bde78f2d4965/2022/worldcup.json,2026-08-16
WC2022_05,FIFA World Cup 2022,Group,C,1,Argentina,Saudi Arabia,Lusail Stadium,Lusail,Qatar,2022-11-22,13:00,2022-11-22 10:00,1,2,https://github.com/openfootball/worldcup.json/blob/516d3825c3bd23fdc298c4014e84bde78f2d4965/2022/worldcup.json,2026-08-16
WC2022_07,FIFA World Cup 2022,Group,C,1,Mexico,Poland,Stadium 974,Doha,Qatar,2022-11-22,19:00,2022-11-22 16:00,0,0,https://github.com/openfootball/worldcup.json/blob/516d3825c3bd23fdc298c4014e84bde78f2d4965/2022/worldcup.json,2026-08-16
WC2022_22,FIFA World Cup 2022,Group,C,2,Poland,Saudi Arabia,Education City Stadium,Al Rayyan,Qatar,2022-11-26,16:00,2022-11-26 13:00,2,0,https://github.com/openfootball/worldcup.json/blob/516d3825c3bd23fdc298c4014e84bde78f2d4965/2022/worldcup.json,2026-08-16
WC2022_24,FIFA World Cup 2022,Group,C,2,Argentina,Mexico,Lusail Stadium,Lusail,Qatar,2022-11-26,22:00,2022-11-26 19:00,2,0,https://github.com/openfootball/worldcup.json/blob/516d3825c3bd23fdc298c4014e84bde78f2d4965/2022/worldcup.json,2026-08-16
WC2022_39,FIFA World Cup 2022,Group,C,3,Poland,Argentina,Stadium 974,Doha,Qatar,2022-11-30,22:00,2022-11-30 19:00,0,2,https://github.com/openfootball/worldcup.json/blob/516d3825c3bd23fdc298c4014e84bde78f2d4965/2022/worldcup.json,2026-08-16
WC2022_40,FIFA World Cup 2022,Group,C,3,Saudi Arabia,Mexico,Lusail Stadium,Lusail,Qatar,2022-11-30,22:00,2022-11-30 19:00,1,2,https://github.com/openfootball/worldcup.json/blob/516d3825c3bd23fdc298c4014e84bde78f2d4965/2022/worldcup.json,2026-08-16
WC2022_06,FIFA World Cup 2022,Group,D,1,Denmark,Tunisia,Education City Stadium,Al Rayyan,Qatar,2022-11-22,16:00,2022-11-22 13:00,0,0,https://github.com/openfootball/worldcup.json/blob/516d3825c3bd23fdc298c4014e84bde78f2d4965/2022/worldcup.json,2026-08-16
WC2022_08,FIFA World Cup 2022,Group,D,1,France,Australia,Al Janoub Stadium,Al Wakrah,Qatar,2022-11-22,22:00,2022-11-22 19:00,4,1,https://github.com/openfootball/worldcup.json/blob/516d3825c3bd23fdc298c4014e84bde78f2d4965/2022/worldcup.json,2026-08-16
WC2022_21,FIFA World Cup 2022,Group,D,2,Tunisia,Australia,Al Janoub Stadium,Al Wakrah,Qatar,2022-11-26,13:00,2022-11-26 10:00,0,1,https://github.com/openfootball/worldcup.json/blob/516d3825c3bd23fdc298c4014e84bde78f2d4965/2022/worldcup.json,2026-08-16
WC2022_23,FIFA World Cup 2022,Group,D,2,France,Denmark,Stadium 974,Doha,Qatar,2022-11-26,19:00,2022-11-26 16:00,2,1,https://github.com/openfootball/worldcup.json/blob/516d3825c3bd23fdc298c4014e84bde78f2d4965/2022/worldcup.json,2026-08-16
WC2022_37,FIFA World Cup 2022,Group,D,3,Australia,Denmark,Al Janoub Stadium,Al Wakrah,Qatar,2022-11-30,18:00,2022-11-30 15:00,1,0,https://github.com/openfootball/worldcup.json/blob/516d3825c3bd23fdc298c4014e84bde78f2d4965/2022/worldcup.json,2026-08-16
WC2022_38,FIFA World Cup 2022,Group,D,3,Tunisia,France,Education City Stadium,Al Rayyan,Qatar,2022-11-30,18:00,2022-11-30 15:00,1,0,https://github.com/openfootball/worldcup.json/blob/516d3825c3bd23fdc298c4014e84bde78f2d4965/2022/worldcup.json,2026-08-16
WC2022_10,FIFA World Cup 2022,Group,E,1,Germany,Japan,Khalifa International Stadium,Al Rayyan,Qatar,2022-11-23,16:00,2022-11-23 13:00,1,2,https://github.com/openfootball/worldcup.json/blob/516d3825c3bd23fdc298c4014e84bde78f2d4965/2022/worldcup.json,2026-08-16
WC2022_11,FIFA World Cup 2022,Group,E,1,Spain,Costa Rica,Al Thumama Stadium,Doha,Qatar,2022-11-23,19:00,2022-11-23 16:00,7,0,https://github.com/openfootball/worldcup.json/blob/516d3825c3bd23fdc298c4014e84bde78f2d4965/2022/worldcup.json,2026-08-16
WC2022_25,FIFA World Cup 2022,Group,E,2,Japan,Costa Rica,Ahmad bin Ali Stadium,Al Rayyan,Qatar,2022-11-27,13:00,2022-11-27 10:00,0,1,https://github.com/openfootball/worldcup.json/blob/516d3825c3bd23fdc298c4014e84bde78f2d4965/2022/worldcup.json,2026-08-16
WC2022_28,FIFA World Cup 2022,Group,E,2,Spain,Germany,Al Bayt Stadium,Al Khor,Qatar,2022-11-27,22:00,2022-11-27 19:00,1,1,https://github.com/openfootball/worldcup.json/blob/516d3825c3bd23fdc298c4014e84bde78f2d4965/2022/worldcup.json,2026-08-16
WC2022_43,FIFA World Cup 2022,Group,E,3,Japan,Spain,Khalifa International Stadium,Al Rayyan,Qatar,2022-12-01,22:00,2022-12-01 19:00,2,1,https://github.com/openfootball/worldcup.json/blob/516d3825c3bd23fdc298c4014e84bde78f2d4965/2022/worldcup.json,2026-08-16
WC2022_44,FIFA World Cup 2022,Group,E,3,Costa Rica,Germany,Al Bayt Stadium,Al Khor,Qatar,2022-12-01,22:00,2022-12-01 19:00,2,4,https://github.com/openfootball/worldcup.json/blob/516d3825c3bd23fdc298c4014e84bde78f2d4965/2022/worldcup.json,2026-08-16
WC2022_09,FIFA World Cup 2022,Group,F,1,Morocco,Croatia,Al Bayt Stadium,Al Khor,Qatar,2022-11-23,13:00,2022-11-23 10:00,0,0,https://github.com/openfootball/worldcup.json/blob/516d3825c3bd23fdc298c4014e84bde78f2d4965/2022/worldcup.json,2026-08-16
WC2022_12,FIFA World Cup 2022,Group,F,1,Belgium,Canada,Ahmad bin Ali Stadium,Al Rayyan,Qatar,2022-11-23,22:00,2022-11-23 19:00,1,0,https://github.com/openfootball/worldcup.json/blob/516d3825c3bd23fdc298c4014e84bde78f2d4965/2022/worldcup.json,2026-08-16
WC2022_26,FIFA World Cup 2022,Group,F,2,Belgium,Morocco,Al Thumama Stadium,Doha,Qatar,2022-11-27,16:00,2022-11-27 13:00,0,2,https://github.com/openfootball/worldcup.json/blob/516d3825c3bd23fdc298c4014e84bde78f2d4965/2022/worldcup.json,2026-08-16
WC2022_27,FIFA World Cup 2022,Group,F,2,Croatia,Canada,Khalifa International Stadium,Al Rayyan,Qatar,2022-11-27,19:00,2022-11-27 16:00,4,1,https://github.com/openfootball/worldcup.json/blob/516d3825c3bd23fdc298c4014e84bde78f2d4965/2022/worldcup.json,2026-08-16
WC2022_41,FIFA World Cup 2022,Group,F,3,Croatia,Belgium,Ahmad bin Ali Stadium,Al Rayyan,Qatar,2022-12-01,18:00,2022-12-01 15:00,0,0,https://github.com/openfootball/worldcup.json/blob/516d3825c3bd23fdc298c4014e84bde78f2d4965/2022/worldcup.json,2026-08-16
WC2022_42,FIFA World Cup 2022,Group,F,3,Canada,Morocco,Al Thumama Stadium,Doha,Qatar,2022-12-01,18:00,2022-12-01 15:00,1,2,https://github.com/openfootball/worldcup.json/blob/516d3825c3bd23fdc298c4014e84bde78f2d4965/2022/worldcup.json,2026-08-16
WC2022_13,FIFA World Cup 2022,Group,G,1,Switzerland,Cameroon,Al Janoub Stadium,Al Wakrah,Qatar,2022-11-24,13:00,2022-11-24 10:00,1,0,https://github.com/openfootball/worldcup.json/blob/516d3825c3bd23fdc298c4014e84bde78f2d4965/2022/worldcup.json,2026-08-16
WC2022_16,FIFA World Cup 2022,Group,G,1,Brazil,Serbia,Lusail Stadium,Lusail,Qatar,2022-11-24,22:00,2022-11-24 19:00,2,0,https://github.com/openfootball/worldcup.json/blob/516d3825c3bd23fdc298c4014e84bde78f2d4965/2022/worldcup.json,2026-08-16
WC2022_29,FIFA World Cup 2022,Group,G,2,Cameroon,Serbia,Al Janoub Stadium,Al Wakrah,Qatar,2022-11-28,13:00,2022-11-28 10:00,3,3,https://github.com/openfootball/worldcup.json/blob/516d3825c3bd23fdc298c4014e84bde78f2d4965/2022/worldcup.json,2026-08-16
WC2022_31,FIFA World Cup 2022,Group,G,2,Brazil,Switzerland,Stadium 974,Doha,Qatar,2022-11-28,19:00,2022-11-28 16:00,1,0,https://github.com/openfootball/worldcup.json/blob/516d3825c3bd23fdc298c4014e84bde78f2d4965/2022/worldcup.json,2026-08-16
WC2022_47,FIFA World Cup 2022,Group,G,3,Serbia,Switzerland,Stadium 974,Doha,Qatar,2022-12-02,22:00,2022-12-02 19:00,2,3,https://github.com/openfootball/worldcup.json/blob/516d3825c3bd23fdc298c4014e84bde78f2d4965/2022/worldcup.json,2026-08-16
WC2022_48,FIFA World Cup 2022,Group,G,3,Cameroon,Brazil,Lusail Stadium,Lusail,Qatar,2022-12-02,22:00,2022-12-02 19:00,1,0,https://github.com/openfootball/worldcup.json/blob/516d3825c3bd23fdc298c4014e84bde78f2d4965/2022/worldcup.json,2026-08-16
WC2022_14,FIFA World Cup 2022,Group,H,1,Uruguay,South Korea,Education City Stadium,Al Rayyan,Qatar,2022-11-24,16:00,2022-11-24 13:00,0,0,https://github.com/openfootball/worldcup.json/blob/516d3825c3bd23fdc298c4014e84bde78f2d4965/2022/worldcup.json,2026-08-16
WC2022_15,FIFA World Cup 2022,Group,H,1,Portugal,Ghana,Stadium 974,Doha,Qatar,2022-11-24,19:00,2022-11-24 16:00,3,2,https://github.com/openfootball/worldcup.json/blob/516d3825c3bd23fdc298c4014e84bde78f2d4965/2022/worldcup.json,2026-08-16
WC2022_30,FIFA World Cup 2022,Group,H,2,South Korea,Ghana,Education City Stadium,Al Rayyan,Qatar,2022-11-28,16:00,2022-11-28 13:00,2,3,https://github.com/openfootball/worldcup.json/blob/516d3825c3bd23fdc298c4014e84bde78f2d4965/2022/worldcup.json,2026-08-16
WC2022_32,FIFA World Cup 2022,Group,H,2,Portugal,Uruguay,Lusail Stadium,Lusail,Qatar,2022-11-28,22:00,2022-11-28 19:00,2,0,https://github.com/openfootball/worldcup.json/blob/516d3825c3bd23fdc298c4014e84bde78f2d4965/2022/worldcup.json,2026-08-16
WC2022_45,FIFA World Cup 2022,Group,H,3,Ghana,Uruguay,Al Janoub Stadium,Al Wakrah,Qatar,2022-12-02,18:00,2022-12-02 15:00,0,2,https://github.com/openfootball/worldcup.json/blob/516d3825c3bd23fdc298c4014e84bde78f2d4965/2022/worldcup.json,2026-08-16
WC2022_46,FIFA World Cup 2022,Group,H,3,South Korea,Portugal,Lusail Stadium,Lusail,Qatar,2022-12-02,18:00,2022-12-02 15:00,2,1,https://github.com/openfootball/worldcup.json/blob/516d3825c3bd23fdc298c4014e84bde78f2d4965/2022/worldcup.json,2026-08-16
