match_id,group_id,team_a,team_b,updated_p_team_a_advance,updated_p_team_b_advance,updated_expected_attendance,updated_expected_tv_viewers,stakeless_risk,collusion_risk,updated_attractiveness,recommended_broadcast_priority,recommended_security_level,recommended_transport_level,recommended_ticket_adjustment,updated_ticket_revenue_usd,updated_broadcast_value_usd,resource_cost_index,risk_exposure_index,static_net_value,dynamic_net_value,improvement_rate
GA05,A,Mexico,Czechia,1.0,1.0,28534.33,99469053.0,1.0,0.65,0.42001113,2,2,2,0.18583183,3722060.61,5172390.76,9.0,0.74584764,0.0112151037,0.0002573417,-0.9770540104
GA06,A,South Africa,South Korea,0.22635,0.541665,39537.25,137093515.14,0.15324059,0.0,0.60644023,3,2,3,0.18583183,5157297.8,7128862.79,16.0,0.13750806,0.4358614285,0.4358614285,0.0
GB05,B,Canada,Switzerland,0.35878333,1.0,40096.77,151091623.13,0.53988429,0.80753095,0.58161603,3,3,3,0.18583183,5230283.24,7856764.4,19.0,0.6103456,0.4163919772,0.4163919772,0.0
GB06,B,Bosnia and Herzegovina,Qatar,0.60017083,0.32067917,43949.83,146720742.88,0.08438031,0.0133335,0.66651232,3,3,3,0.18583183,5732881.39,7629478.63,19.0,0.10033327,0.5477399884,0.5477399884,0.0
GC05,C,Brazil,Scotland,1.0,0.07467917,32454.23,126735910.1,0.86179562,0.01322089,0.46321792,3,2,3,0.18583183,4233378.06,6590267.33,16.0,0.42489241,0.2078148239,0.2078148239,-0.0
GC06,C,Morocco,Haiti,0.9601375,0.21382917,29370.41,119514829.06,0.58724053,0.71085478,0.47150771,3,1,2,0.18583183,3831119.86,6214771.11,11.0,0.60284679,0.1346809776,0.1346809776,0.0
GD05,D,United States,Turkey,1.0,1.0,42083.89,129667476.26,1.0,0.65,0.49268685,3,3,3,0.18583183,5489485.7,6742708.77,19.0,0.74276254,0.2912704621,0.2912704621,0.0
GD06,D,Paraguay,Australia,0.31056667,0.633825,50277.04,163843695.5,0.10758824,0.0,0.68661684,3,3,3,0.18583183,6558212.83,8519872.17,19.0,0.1173505,0.7143788195,0.7143788195,0.0
GE05,E,Germany,Ecuador,1.0,0.9542025,44324.73,139820775.28,0.91259982,0.68059006,0.52615172,3,3,3,0.18583183,5781783.93,7270680.31,19.0,0.71346616,0.3834489916,0.3834489916,0.0
GE06,E,Curacao,Ivory Coast,0.00317083,1.0,33031.39,101797618.44,0.99367844,0.0,0.39849521,3,2,3,0.18583183,4308664.09,5293476.16,16.0,0.46720208,0.0689401678,0.0689401678,0.0
GF05,F,Netherlands,Tunisia,1.0,0.0665875,24563.42,107779212.67,0.87569279,0.00020681,0.42359188,2,2,1,0.18583183,3204089.16,5604519.06,7.0,0.4201905,0.0488718666,0.049466481,0.0121668038
GF06,F,Japan,Sweden,0.93495,0.3160125,44423.69,162161670.44,0.44606581,0.00139783,0.62139739,3,4,3,0.18583183,5794692.66,8432406.86,23.0,0.23024104,0.5742492115,0.5742492115,0.0
GG05,G,Belgium,New Zealand,1.0,0.78639167,30135.17,118279308.77,0.66404037,0.76758587,0.46360932,3,2,2,0.18583183,3930876.93,6150524.06,13.0,0.65464963,0.1182019997,0.1182650137,0.0005331051
GG06,G,Egypt,Iran,0.805525,0.154975,46148.67,143341770.75,0.42477555,0.0,0.60917053,3,3,3,0.18583183,6019702.11,7453772.08,19.0,0.24276547,0.5202703313,0.5202703313,0.0
GH05,H,Spain,Uruguay,1.0,0.98524167,43274.62,148246404.96,0.97091895,0.66017837,0.52037215,3,4,3,0.18583183,5644805.84,7708813.06,23.0,0.71249164,0.3888075448,0.3888075448,0.0
GH06,H,Cape Verde,Saudi Arabia,0.0211625,0.96711667,32857.82,105493428.11,0.89496666,0.0,0.43350505,3,3,3,0.18583183,4286023.67,5485658.26,19.0,0.41788696,0.0878114948,0.0878114948,0.0
GI05,I,France,Norway,1.0,1.0,34821.93,120888648.2,1.0,0.65,0.44667195,3,3,3,0.18583183,4542225.29,6286209.71,19.0,0.72796838,0.1442951352,0.1442951352,0.0
GI06,I,Senegal,Iraq,0.887625,0.05389167,30842.43,111881651.92,0.69853157,0.0,0.46201692,2,2,2,0.18583183,4023133.18,5817845.9,9.0,0.34871263,0.1620418399,0.1620418399,0.0
GJ05,J,Argentina,Jordan,1.0,1.0,22854.89,98402244.85,1.0,0.65,0.36689611,2,1,1,0.18583183,2981226.45,5116916.73,5.0,0.73581414,-0.0737047954,-0.0724559826,0.0169434393
GJ06,J,Algeria,Austria,0.2222025,0.5098,39569.35,161158334.8,0.15453498,0.0,0.62630377,3,3,3,0.18583183,5161485.22,8380233.41,19.0,0.12064535,0.5454698009,0.5454698009,0.0
GK05,K,Portugal,Colombia,1.0,1.0,40813.7,135823687.78,1.0,0.65,0.52770611,3,3,3,0.18583183,5323800.27,7062831.76,19.0,0.73740244,0.3163516166,0.3163516166,0.0
GK06,K,DR Congo,Uzbekistan,0.29117333,0.12366667,39464.59,125631597.92,0.37047071,0.0,0.56204157,3,2,3,0.18583183,5147820.03,6532843.09,16.0,0.22249234,0.3532957844,0.3532957844,0.0
GL05,L,England,Panama,1.0,0.58568333,24205.31,115164839.73,0.51468327,0.81986086,0.46748299,3,1,1,0.18583183,3157376.66,5988571.67,9.0,0.61242466,0.0406578225,0.0551900842,0.3574284301
GL06,L,Croatia,Ghana,1.0,0.08993583,31506.85,116539609.52,0.83630524,0.0,0.4341339,3,2,3,0.18583183,4109801.38,6060059.7,16.0,0.40959783,0.1400052645,0.1400052645,-0.0
