match_id,group_id,round_in_group,team_a,team_b,venue_id,slot_id,city,country,reference_date,reference_kickoff_time,local_datetime,utc_datetime,required_security_level,expected_attendance,expected_tv_viewers,ticket_revenue_usd,broadcast_value_usd,travel_cost_index,fairness_penalty,risk_index,total_objective_value
GA01,A,1,Mexico,South Africa,V04,S124,Guadalajara,Mexico,2026-06-22,21:00,2026-06-22 19:00,2026-06-23 01:00,2,38058.0,139403864,3044640.0,2654249.57,0.50916789,0.0,0.42584451,0.2724533543
GA02,A,1,South Korea,Czechia,V16,S124,Vancouver,Canada,2026-06-22,21:00,2026-06-22 18:00,2026-06-23 01:00,3,45103.0,157275906,3608240.0,2994533.25,0.65179065,0.0,0.52827339,
GA03,A,2,Mexico,South Korea,V08,S151,Mexico City,Mexico,2026-06-25,12:00,2026-06-25 10:00,2026-06-25 16:00,3,44008.0,164692654,4180760.0,4031676.17,0.06893909,0.0,0.37584492,
GA04,A,2,South Africa,Czechia,V03,S151,Dallas,United States,2026-06-25,12:00,2026-06-25 11:00,2026-06-25 16:00,3,46116.0,140768678,4381020.0,3446017.24,0.0217833,0.0,0.39717872,
GA05,A,3,Mexico,Czechia,V04,S184,Guadalajara,Mexico,2026-06-28,21:00,2026-06-28 19:00,2026-06-29 01:00,2,37158.0,150362390,4087380.0,6106517.38,0.06893003,0.0,0.42022782,
GA06,A,3,South Africa,South Korea,V07,S191,Los Angeles,United States,2026-06-29,12:00,2026-06-29 09:00,2026-06-29 16:00,2,41308.0,145816846,4543880.0,5755099.28,0.08622299,0.0,0.33642938,
GB01,B,1,Canada,Bosnia and Herzegovina,V12,S034,Philadelphia,United States,2026-06-13,21:00,2026-06-13 21:00,2026-06-14 01:00,3,47891.0,160372777,3831280.0,3244341.28,0.21947114,0.0,0.46643859,
GB02,B,1,Qatar,Switzerland,V02,S034,Boston,United States,2026-06-13,21:00,2026-06-13 21:00,2026-06-14 01:00,2,41648.0,150242716,3331840.0,3039410.14,0.5718825,0.0,0.39299301,
GB03,B,2,Canada,Qatar,V05,S161,Houston,United States,2026-06-26,12:00,2026-06-26 11:00,2026-06-26 16:00,3,47317.0,155230293,4495115.0,3632388.86,0.02513768,0.0,0.51655359,
GB04,B,2,Bosnia and Herzegovina,Switzerland,V04,S161,Guadalajara,Mexico,2026-06-26,12:00,2026-06-26 10:00,2026-06-26 16:00,2,33856.0,156650445,3216320.0,3665620.41,0.06858842,0.0,0.3996208,
GB05,B,3,Canada,Switzerland,V08,S191,Mexico City,Mexico,2026-06-29,12:00,2026-06-29 10:00,2026-06-29 16:00,3,45758.0,176453668,5033380.0,6964273.37,0.06893909,0.0,0.38184334,
GB06,B,3,Bosnia and Herzegovina,Qatar,V03,S191,Dallas,United States,2026-06-29,12:00,2026-06-29 11:00,2026-06-29 16:00,3,46989.0,148414164,5168790.0,5857610.22,0.0217833,0.0,0.39996489,
GC01,C,1,Brazil,Morocco,V09,S021,Miami,United States,2026-06-12,12:00,2026-06-12 12:00,2026-06-12 16:00,4,50404.0,199686375,4032320.0,4217875.46,0.39923702,0.0,0.56347075,
GC02,C,1,Haiti,Scotland,V15,S034,Toronto,Canada,2026-06-13,21:00,2026-06-13 21:00,2026-06-14 01:00,2,34899.0,138642808,2791920.0,2804744.01,0.22566447,0.0,0.43343663,
GC03,C,2,Brazil,Haiti,V06,S111,Kansas City,United States,2026-06-21,12:00,2026-06-21 11:00,2026-06-21 16:00,1,32034.0,145694866,3043230.0,3409259.86,0.02573486,0.0,0.31576162,
GC04,C,2,Morocco,Scotland,V08,S111,Mexico City,Mexico,2026-06-21,12:00,2026-06-21 10:00,2026-06-21 16:00,3,47021.0,170876605,4466995.0,3998512.56,0.050091,0.0,0.38617249,
GC05,C,3,Brazil,Scotland,V13,S141,San Francisco Bay Area,United States,2026-06-24,12:00,2026-06-24 09:00,2026-06-24 16:00,2,37830.0,169298298,4161300.0,6778703.85,0.10015454,0.0,0.34901217,
GC06,C,3,Morocco,Haiti,V02,S141,Boston,United States,2026-06-24,12:00,2026-06-24 12:00,2026-06-24 16:00,1,33507.0,146176314,3685770.0,5852899.61,0.0871901,0.0,0.28925327,
GD01,D,1,United States,Paraguay,V01,S014,Atlanta,United States,2026-06-11,21:00,2026-06-11 21:00,2026-06-12 01:00,3,45358.0,171753276,3628640.0,3219085.78,0.19664521,0.0,0.47665352,
GD02,D,1,Australia,Turkey,V14,S014,Seattle,United States,2026-06-11,21:00,2026-06-11 18:00,2026-06-12 01:00,3,47267.0,174155057,3781360.0,3264101.16,0.89105968,0.0,0.4955087,
GD03,D,2,United States,Australia,V08,S051,Mexico City,Mexico,2026-06-15,12:00,2026-06-15 10:00,2026-06-15 16:00,4,52473.0,169419273,4984935.0,4269365.68,0.06938294,0.0,0.45486015,
GD04,D,2,Paraguay,Turkey,V03,S051,Dallas,United States,2026-06-15,12:00,2026-06-15 11:00,2026-06-15 16:00,4,56083.0,177633983,5327885.0,4476376.37,0.02427265,0.0,0.4789883,
GD05,D,3,United States,Turkey,V05,S104,Houston,United States,2026-06-20,21:00,2026-06-20 20:00,2026-06-21 01:00,3,50782.0,182248340,5586020.0,7401469.58,0.01002123,0.0,0.53094711,
GD06,D,3,Paraguay,Australia,V01,S104,Atlanta,United States,2026-06-20,21:00,2026-06-20 21:00,2026-06-21 01:00,3,49657.0,169509847,5462270.0,6884133.91,0.02729287,0.0,0.49481831,
GE01,E,1,Germany,Curacao,V02,S074,Boston,United States,2026-06-17,21:00,2026-06-17 21:00,2026-06-18 01:00,1,32210.0,144816741,2576800.0,2714227.77,0.27075575,0.0,0.28334689,
GE02,E,1,Ivory Coast,Ecuador,V09,S071,Miami,United States,2026-06-17,12:00,2026-06-17 12:00,2026-06-17 16:00,3,50415.0,181743485,4033200.0,3406327.27,0.33191359,0.0,0.5135217,
GE03,E,2,Germany,Ivory Coast,V01,S121,Atlanta,United States,2026-06-22,12:00,2026-06-22 12:00,2026-06-22 16:00,2,40477.0,181618275,3845315.0,4576780.53,0.03605125,0.0,0.38936291,
GE04,E,2,Curacao,Ecuador,V04,S114,Guadalajara,Mexico,2026-06-21,21:00,2026-06-21 19:00,2026-06-22 01:00,2,34961.0,145781837,3321295.0,3568739.37,0.06858842,0.0,0.40651685,
GE05,E,3,Germany,Ecuador,V03,S184,Dallas,United States,2026-06-28,21:00,2026-06-28 20:00,2026-06-29 01:00,3,47231.0,189499277,5195410.0,7695944.64,0.01929394,0.0,0.40073723,
GE06,E,3,Curacao,Ivory Coast,V06,S171,Kansas City,United States,2026-06-27,12:00,2026-06-27 11:00,2026-06-27 16:00,2,37457.0,145511097,4120270.0,5659799.63,0.02246769,0.0,0.43705166,
GF01,F,1,Netherlands,Japan,V16,S021,Vancouver,Canada,2026-06-12,12:00,2026-06-12 09:00,2026-06-12 16:00,3,48424.0,199363544,3873920.0,4211056.46,0.61054712,0.0,0.54655413,
GF02,F,1,Sweden,Tunisia,V02,S024,Boston,United States,2026-06-12,21:00,2026-06-12 21:00,2026-06-13 01:00,2,41625.0,153500368,3330000.0,3059646.09,0.42797551,0.0,0.39288827,
GF03,F,2,Netherlands,Sweden,V03,S054,Dallas,United States,2026-06-15,21:00,2026-06-15 20:00,2026-06-16 01:00,3,46080.0,179231545,4377600.0,4258541.51,0.0217833,0.0,0.39706383,
GF04,F,2,Japan,Tunisia,V06,S054,Kansas City,United States,2026-06-15,21:00,2026-06-15 20:00,2026-06-16 01:00,2,41635.0,164699019,3955325.0,3913248.69,0.02797398,0.0,0.45345399,
GF05,F,3,Netherlands,Tunisia,V04,S134,Guadalajara,Mexico,2026-06-23,21:00,2026-06-23 19:00,2026-06-24 01:00,2,33648.0,157116077,3701280.0,6380798.12,0.06858842,0.0,0.39832272,
GF06,F,3,Japan,Sweden,V07,S131,Los Angeles,United States,2026-06-23,12:00,2026-06-23 09:00,2026-06-23 16:00,4,50930.0,186556559,5602300.0,7789855.68,0.08567018,0.0,0.47752563,
GG01,G,1,Belgium,Egypt,V02,S054,Boston,United States,2026-06-15,21:00,2026-06-15 21:00,2026-06-16 01:00,2,39424.0,165210179,3153920.0,3243901.86,0.48551458,0.0,0.3828652,
GG02,G,1,Iran,New Zealand,V14,S074,Seattle,United States,2026-06-17,21:00,2026-06-17 18:00,2026-06-18 01:00,2,38877.0,144534910,3110160.0,2708945.55,0.90016261,0.0,0.39236377,
GG03,G,2,Belgium,Iran,V08,S114,Mexico City,Mexico,2026-06-21,21:00,2026-06-21 19:00,2026-06-22 01:00,3,44203.0,170497573,4199285.0,4173780.59,0.06849525,0.0,0.37651332,
GG04,G,2,Egypt,New Zealand,V03,S114,Dallas,United States,2026-06-21,21:00,2026-06-21 20:00,2026-06-22 01:00,2,43509.0,144297829,4133355.0,3532410.85,0.01929394,0.0,0.33885851,
GG05,G,3,Belgium,New Zealand,V04,S141,Guadalajara,Mexico,2026-06-24,12:00,2026-06-24 10:00,2026-06-24 16:00,2,34961.0,147585048,3845710.0,5909305.32,0.06858842,0.0,0.40651685,
GG06,G,3,Egypt,Iran,V05,S184,Houston,United States,2026-06-28,21:00,2026-06-28 20:00,2026-06-29 01:00,3,49711.0,161798234,5468210.0,6570949.88,0.02513768,0.0,0.5264982,
GH01,H,1,Spain,Cape Verde,V02,S041,Boston,United States,2026-06-14,12:00,2026-06-14 12:00,2026-06-14 16:00,2,38024.0,153190741,3041920.0,2962325.95,0.33712102,0.0,0.37648977,
GH02,H,1,Saudi Arabia,Uruguay,V01,S044,Atlanta,United States,2026-06-14,21:00,2026-06-14 21:00,2026-06-15 01:00,2,35423.0,157730362,2833840.0,3050110.88,0.67437091,0.0,0.36800798,
GH03,H,2,Spain,Saudi Arabia,V04,S094,Guadalajara,Mexico,2026-06-19,21:00,2026-06-19 19:00,2026-06-20 01:00,2,34404.0,155144219,3268380.0,3797930.48,0.06824681,0.0,0.40304075,
GH04,H,2,Cape Verde,Uruguay,V10,S081,Monterrey,Mexico,2026-06-18,12:00,2026-06-18 10:00,2026-06-18 16:00,1,32327.0,157190031,3071065.0,3848011.96,0.03889638,0.0,0.32793956,
GH05,H,3,Spain,Uruguay,V08,S131,Mexico City,Mexico,2026-06-23,12:00,2026-06-23 10:00,2026-06-23 16:00,4,58377.0,204108108,6421470.0,8522738.16,0.06849525,0.0,0.47509712,
GH06,H,3,Cape Verde,Saudi Arabia,V08,S171,Mexico City,Mexico,2026-06-27,12:00,2026-06-27 10:00,2026-06-27 16:00,3,46248.0,144066804,5087280.0,5603622.41,0.06849525,0.0,0.3835229,
GI01,I,1,France,Senegal,V11,S041,New York/New Jersey,United States,2026-06-14,12:00,2026-06-14 12:00,2026-06-14 16:00,2,40598.0,177062810,3247840.0,3423952.09,0.38214304,0.0,0.31262909,
GI02,I,1,Iraq,Norway,V11,S044,New York/New Jersey,United States,2026-06-14,21:00,2026-06-14 21:00,2026-06-15 01:00,2,41981.0,148396671,3358480.0,2869620.63,0.54002889,0.0,0.31765818,
GI03,I,2,France,Iraq,V04,S081,Guadalajara,Mexico,2026-06-18,12:00,2026-06-18 10:00,2026-06-18 16:00,2,37304.0,149112253,3543880.0,3650267.95,0.06824681,0.0,0.42113897,
GI04,I,2,Senegal,Norway,V05,S081,Houston,United States,2026-06-18,12:00,2026-06-18 11:00,2026-06-18 16:00,3,43334.0,172420914,4116730.0,4220863.97,0.02319742,0.0,0.50000831,
GI05,I,3,France,Norway,V05,S121,Houston,United States,2026-06-22,12:00,2026-06-22 11:00,2026-06-22 16:00,3,42132.0,170615232,4634520.0,6831433.89,0.02513768,0.0,0.49501523,
GI06,I,3,Senegal,Iraq,V13,S134,San Francisco Bay Area,United States,2026-06-23,21:00,2026-06-23 18:00,2026-06-24 01:00,2,37006.0,152098005,4070660.0,6177004.18,0.10015454,0.0,0.34540341,
GJ01,J,1,Argentina,Algeria,V02,S011,Boston,United States,2026-06-11,12:00,2026-06-11 12:00,2026-06-11 16:00,2,42249.0,169632520,3379920.0,3179337.51,0.46405775,0.0,0.39572988,
GJ02,J,1,Austria,Jordan,V15,S011,Toronto,Canada,2026-06-11,12:00,2026-06-11 12:00,2026-06-11 16:00,2,39723.0,159105500,3177840.0,2982034.83,0.56858635,0.0,0.46524322,
GJ03,J,2,Argentina,Austria,V05,S051,Houston,United States,2026-06-15,12:00,2026-06-15 11:00,2026-06-15 16:00,3,46961.0,190857412,4461295.0,4809606.78,0.02319742,0.0,0.51507477,
GJ04,J,2,Algeria,Jordan,V05,S064,Houston,United States,2026-06-16,21:00,2026-06-16 20:00,2026-06-17 01:00,3,44133.0,156698215,4192635.0,3779560.95,0.02319742,0.0,0.50332733,
GJ05,J,3,Argentina,Jordan,V06,S134,Kansas City,United States,2026-06-23,21:00,2026-06-23 20:00,2026-06-24 01:00,1,31616.0,153702838,3477760.0,6242179.66,0.03348026,0.0,0.3141206,
GJ06,J,3,Algeria,Austria,V08,S104,Mexico City,Mexico,2026-06-20,21:00,2026-06-20 19:00,2026-06-21 01:00,3,43288.0,173476607,4761680.0,7045231.96,0.06938294,0.0,0.373377,
GK01,K,1,Portugal,DR Congo,V02,S061,Boston,United States,2026-06-16,12:00,2026-06-16 12:00,2026-06-16 16:00,1,31289.0,143920034,2503120.0,2740237.45,0.50292079,0.0,0.27915278,
GK02,K,1,Uzbekistan,Colombia,V01,S061,Atlanta,United States,2026-06-16,12:00,2026-06-16 12:00,2026-06-16 16:00,2,42345.0,161019500,3387600.0,3065811.28,0.4899332,0.0,0.39725587,
GK03,K,2,Portugal,Uzbekistan,V01,S094,Atlanta,United States,2026-06-19,21:00,2026-06-19 21:00,2026-06-20 01:00,2,35073.0,150412747,3331935.0,3682104.05,0.03406142,0.0,0.36652911,
GK04,K,2,DR Congo,Colombia,V05,S094,Houston,United States,2026-06-19,21:00,2026-06-19 20:00,2026-06-20 01:00,2,36558.0,154071960,3473010.0,3771681.58,0.02319742,0.0,0.40519431,
GK05,K,3,Portugal,Colombia,V03,S131,Dallas,United States,2026-06-23,12:00,2026-06-23 11:00,2026-06-23 16:00,3,48488.0,190548426,5333680.0,7956540.08,0.01929394,0.0,0.40474894,
GK06,K,3,DR Congo,Uzbekistan,V03,S171,Dallas,United States,2026-06-27,12:00,2026-06-27 11:00,2026-06-27 16:00,2,43065.0,143831535,4737150.0,5594471.39,0.01929394,0.0,0.33744149,
GL01,L,1,England,Croatia,V12,S021,Philadelphia,United States,2026-06-12,12:00,2026-06-12 12:00,2026-06-12 16:00,3,47972.0,192059697,3837760.0,4056780.95,0.42363202,0.0,0.46678775,
GL02,L,1,Ghana,Panama,V01,S024,Atlanta,United States,2026-06-12,21:00,2026-06-12 21:00,2026-06-13 01:00,1,32445.0,134524563,2595600.0,2681410.85,0.35993229,0.0,0.28875822,
GL03,L,2,England,Ghana,V06,S121,Kansas City,United States,2026-06-22,12:00,2026-06-22 11:00,2026-06-22 16:00,2,42319.0,161438471,4020305.0,4068249.47,0.02797398,0.0,0.45613929,
GL04,L,2,Croatia,Panama,V06,S151,Kansas City,United States,2026-06-25,12:00,2026-06-25 11:00,2026-06-25 16:00,1,31920.0,136829610,3032400.0,3349588.85,0.02797398,0.0,0.31531407,
GL05,L,3,England,Panama,V10,S181,Monterrey,Mexico,2026-06-28,12:00,2026-06-28 10:00,2026-06-28 16:00,1,30170.0,140081873,3318700.0,5288370.87,0.03889638,0.0,0.31584424,
GL06,L,3,Croatia,Ghana,V01,S181,Atlanta,United States,2026-06-28,12:00,2026-06-28 12:00,2026-06-28 16:00,2,40667.0,157693889,4473370.0,5953259.7,0.03406142,0.0,0.39016573,
