indicator_name,indicator_category,actual_schedule_value,optimized_schedule_value,absolute_difference,relative_improvement,preferred_direction,evaluation_result
match_count,structure,48.0,72.0,24.0,,neutral,规模或描述指标，不作直接优劣判定
team_count,structure,32.0,48.0,16.0,,neutral,规模或描述指标，不作直接优劣判定
venue_count,structure,8.0,16.0,8.0,,neutral,规模或描述指标，不作直接优劣判定
schedule_span_days,structure,13.0,19.0,6.0,,neutral,规模或描述指标，不作直接优劣判定
total_travel_km,structure,1214.8657121713907,178361.78500218384,177146.91929001245,-145.8160498853728,smaller_better,实际赛程更优
avg_travel_per_team_km,structure,37.96455350535596,3715.87052087883,3677.905967373474,-96.87736659024853,smaller_better,实际赛程更优
avg_travel_per_match_km,structure,25.30970233690397,2477.24701391922,2451.937311582316,-96.87736659024853,smaller_better,实际赛程更优
cross_timezone_transitions,structure,0.0,78.0,78.0,,smaller_better,实际赛程更优
average_rest_hours,structure,97.8125,128.5625,30.75,,neutral,规模或描述指标，不作直接优劣判定
minimum_rest_hours,structure,87.0,63.0,-24.0,-0.27586206896551724,larger_better,实际赛程更优
rest_hours_std,structure,5.917085833575913,63.90697392139197,57.98988808781606,-9.800413534439238,smaller_better,实际赛程更优
matches_per_venue,structure,6.0,4.5,-1.5,,neutral,规模或描述指标，不作直接优劣判定
matches_per_active_venue_day,structure,1.0212765957446808,1.0434782608695652,0.022201665124884418,,neutral,规模或描述指标，不作直接优劣判定
venue_active_day_utilization,structure,0.4519230769230769,0.22697368421052633,-0.2249493927125506,-0.49776035834266513,larger_better,实际赛程更优
prime_time_share,structure,0.6666666666666666,0.6666666666666666,0.0,0.0,larger_better,基本相同
prime_matches_per_team,structure,2.0,2.0,0.0,,neutral,规模或描述指标，不作直接优劣判定
prime_count_range,structure,3.0,0.0,-3.0,1.0,smaller_better,优化赛程更优
capacity_match_ratio,structure,0.8323257762940396,0.6016765522292802,-0.2306492240647594,-0.277114118815031,larger_better,实际赛程更优
expected_attendance_per_match,structure,42051.0,41746.416666666664,-304.58333333333576,-0.007243188826266575,larger_better,实际赛程更优
proxy_ticket_value_per_match_usd,proxy_nearest,4103559.6875,3970978.75,-132580.9375,-0.03230876302441988,larger_better,实际赛程更优
proxy_broadcast_value_per_match_usd,proxy_nearest,4377564.228034136,4535373.132450652,157808.90441651642,0.036049477790845524,larger_better,优化赛程更优
proxy_uncertainty_mean,proxy_nearest,0.47323750000000003,0.4614361111111111,-0.01180138888888893,-0.024937560715050964,larger_better,实际赛程更优
proxy_attractiveness_mean,proxy_nearest,0.6738145833333333,0.6396986111111111,-0.03411597222222218,-0.05063109802915196,larger_better,实际赛程更优
proxy_cost_per_match_musd,proxy_nearest,0.71875,0.7368750000000001,0.018125000000000058,-0.025217391304347907,smaller_better,实际赛程更优
proxy_travel_burden,proxy_nearest,0.20822895025117014,0.18924710028406608,-0.01898184996710406,0.09115855381400018,smaller_better,优化赛程更优
proxy_fairness_penalty,proxy_nearest,0.8333333333333333,0.0,-0.8333333333333333,1.0,smaller_better,优化赛程更优
proxy_execution_risk,proxy_nearest,0.4838990467270518,0.4103640767798951,-0.07353496994715669,0.1519634527997631,smaller_better,优化赛程更优
proxy_Z2,proxy_nearest,0.19699489781712598,0.27245335427844,0.075458456461314,0.38304777076695395,larger_better,优化赛程更优
proxy_Z2_second_nearest,proxy_sensitivity,0.21033075427460757,0.27245335427844,0.06212260000383241,0.2953567119467713,larger_better,优化赛程更优
prime_time_share_second_nearest,proxy_sensitivity,0.6666666666666666,0.6666666666666666,0.0,0.0,larger_better,基本相同
