match_id,group_id,team_a,team_b,updated_p_team_a_advance,updated_p_team_b_advance,updated_expected_attendance,updated_expected_tv_viewers,stakeless_risk,collusion_risk,updated_attractiveness,recommended_broadcast_priority,recommended_security_level,recommended_transport_level,recommended_ticket_adjustment,updated_ticket_revenue_usd,updated_broadcast_value_usd,resource_cost_index,risk_exposure_index,static_net_value,dynamic_net_value,improvement_rate
GA05,A,Mexico,Czechia,1.0,1.0,28534.328198924362,112988492.8310386,1.0,0.65,0.41943353501683034,3,2,2,0.18583183092229083,3722060.6117494837,5875401.627214007,13.0,0.7330345514850324,0.020844497485751692,0.021729140640163735,0.04244012862467628
GA06,A,South Africa,South Korea,0.225875,0.5410583333333332,39533.20213738859,148091005.32410565,0.1536606047222222,0.0,0.6063352255464234,3,2,3,0.18583183092229083,5156770.242008058,7700732.276853493,16.0,0.13163262901002848,0.4458463902405748,0.45820536386400557,0.02772025050323263
GB05,B,Canada,Switzerland,0.3550583333333333,1.0,40073.789976321255,155924860.66978195,0.5420161734722222,0.8030295841093293,0.5810830584512288,3,3,3,0.18583183092229083,5227285.331357802,8108092.754828661,19.0,0.6213308542419277,0.40477758535785135,0.40477758535785135,0.0
GB06,B,Bosnia and Herzegovina,Qatar,0.6009916666666667,0.3180333333333333,43926.22417717977,155555906.4685043,0.08662236902777783,0.012522600728227171,0.665951804971828,3,3,3,0.18583183092229083,5729802.63256809,8088907.136362224,19.0,0.11512559904726614,0.5548034066273002,0.5548034066273002,0.0
GC05,C,Brazil,Scotland,1.0,0.07727916666666668,32496.351429747232,134418568.77502653,0.8573858058680555,0.014858069796977522,0.46432036929404474,3,2,3,0.18583183092229083,4238872.870565451,6989765.576301379,16.0,0.42309305750450266,0.21710352730601984,0.21710352730601984,0.0
GC06,C,Morocco,Haiti,0.9634666666666666,0.2086666666666666,29273.525805713056,126782255.16098048,0.5993529244444443,0.7039951088291677,0.4684796085216838,3,1,2,0.18583183092229083,3818482.657411361,6592677.268370984,11.0,0.6028144390214742,0.13992221854264186,0.13992221854264186,0.0
GD05,D,United States,Turkey,1.0,1.0,42083.88922913555,133327524.0601977,1.0,0.65,0.49268684630078063,3,3,3,0.18583183092229083,5489485.695860836,6933031.25113028,19.0,0.7384608121686134,0.2644752837545421,0.2805377636838278,0.06073338763932743
GD06,D,Paraguay,Australia,0.3143291666666666,0.630625,50331.72054575179,171256419.11071706,0.10307309795138894,0.0,0.6877456263389701,3,3,3,0.18583183092229083,6565345.196106173,8905333.793757286,19.0,0.11128478192531793,0.7,0.7164842945414649,0.02354899220209277
GE05,E,Germany,Ecuador,1.0,0.9541333333333336,44326.391176490426,144763291.87297812,0.9124741688888893,0.6806340408888887,0.5261831304362786,3,3,3,0.18583183092229083,5782001.016769486,7527691.177394862,19.0,0.7179648385842601,0.37559308953283116,0.37559308953283116,0.0
GE06,E,Curacao,Ivory Coast,0.0023,1.0,31779.70592205777,100471217.87082219,0.9954105799999999,0.0,0.3980621717468775,2,2,2,0.18583183092229083,4145392.5545698307,5224503.329282754,9.0,0.4665421460788802,0.05855561080963774,0.05855561080963774,0.0
GF05,F,Netherlands,Tunisia,1.0,0.0697,24602.450432849215,114734985.95907727,0.8703161800000001,0.0016972142581203483,0.42493603116342155,2,2,1,0.18583183092229083,3209180.572615654,5966219.269872018,7.0,0.40729191936836506,0.059892031830436024,0.060490447123692115,0.009991567742271642
GF06,F,Japan,Sweden,0.9337916666666668,0.319475,44476.54283868914,166875399.470943,0.44152897138888914,0.0012720018818908958,0.6225315956692067,3,4,3,0.18583183092229083,5801587.02502461,8677520.772489036,23.0,0.22572172473508934,0.5640560112258941,0.5640560112258941,0.0
GG05,G,Belgium,New Zealand,1.0,0.7819249999999999,30177.72602338152,118332446.65125678,0.6589634112499998,0.7693628060625001,0.4648785612763306,2,2,2,0.18583183092229083,3936427.891371555,6153287.225865353,9.0,0.643083276477205,0.11511970946904632,0.11511970946904632,0.0
GG06,G,Egypt,Iran,0.8084416666666667,0.15515416666666668,46108.543877161836,149549353.508815,0.42810982100694445,0.0,0.6083369610067085,3,3,3,0.18583183092229083,6014467.690771717,7776566.3824583795,19.0,0.2440964831719421,0.5174084825586405,0.5174084825586405,0.0
GH05,H,Spain,Uruguay,1.0,0.9857958333333334,43260.452434060724,149336516.2891196,0.9719951833680558,0.6598016858211805,0.5201030963565412,3,4,3,0.18583183092229083,5642958.36680498,7765498.847034219,23.0,0.7127689906625672,0.3620832972790182,0.3620832972790182,0.0
GH06,H,Cape Verde,Saudi Arabia,0.02466666666666667,0.9651125000000002,32959.628036738875,104092751.58899017,0.8845428308680559,0.0,0.43611100895733035,2,3,3,0.18583183092229083,4299303.366745611,5412823.082627488,15.0,0.4137075832297891,0.08017179734776808,0.08017179734776808,0.0
GI05,I,France,Norway,1.0,1.0,34821.933492159405,130030213.88101774,1.0,0.65,0.4466719513083174,3,3,3,0.18583183092229083,4542225.28641878,6761571.121812922,19.0,0.73568569596018,0.15883967453874243,0.15883967453874243,0.0
GI06,I,Senegal,Iraq,0.8864041666666667,0.056266666666666666,32095.235816597815,126373000.04540093,0.6924149022569444,0.0,0.4635460833015501,3,2,3,0.18583183092229083,4186550.7477506762,6571396.002360848,16.0,0.3455625411786165,0.18616227678033193,0.18616227678033193,0.0
GJ05,J,Argentina,Jordan,1.0,1.0,22854.89215961628,105202785.49139431,1.0,0.65,0.3668961106245993,2,1,1,0.18583183092229083,2981226.4476686213,5470544.845552504,5.0,0.7346236088164619,-0.05207187637027666,-0.06328873000912938,-0.21541097461307257
GJ06,J,Algeria,Austria,0.2201583333333333,0.5099916666666666,39547.29801836415,167933753.28956756,0.15682238361111117,0.0,0.6257319161793983,3,3,3,0.18583183092229083,5158608.929886087,8732555.171057513,19.0,0.12461306329747908,0.5423887511979414,0.5423887511979414,0.0
GK05,K,Portugal,Colombia,1.0,1.0,40813.699759925265,141323847.6987269,1.0,0.65,0.5277061119276394,3,3,3,0.18583183092229083,5323800.274432733,7348840.080333798,19.0,0.7521480643369585,0.3102468987416177,0.3102468987416177,0.0
GK06,K,DR Congo,Uzbekistan,0.2882416666666667,0.12225,39417.878827280336,130357041.58951885,0.37507330847222226,0.0,0.5608909186596198,3,2,3,0.18583183092229083,5141727.296290953,6778566.16265498,16.0,0.2413600081941659,0.3261837506218175,0.3439180030476035,0.054368902166274345
GL05,L,England,Panama,1.0,0.5882125000000001,24199.621617551482,126259986.77735995,0.5155628903125,0.819552988390625,0.46726308868170074,3,1,1,0.18583183092229083,3156634.97714045,6565519.312422717,9.0,0.6053276667133453,0.08211438238011466,0.08211438238011466,0.0
GL06,L,Croatia,Ghana,1.0,0.09259583333333334,31546.884393182085,123867301.17362788,0.8319563100347223,0.0,0.4352211285118686,3,2,3,0.18583183092229083,4115022.964784705,6441099.66102865,16.0,0.40323771026459543,0.13771274316987459,0.15006092213067965,0.0896662042783728
