indicator_name,indicator_category,actual_schedule_value,optimized_schedule_value,absolute_difference,relative_improvement,preferred_direction,evaluation_result
rest_min_hours,结构-休息,87.0,63.0,-24.0,-0.27586206896551724,higher,实际较优或持平
rest_mean_hours,结构-休息,97.8125,139.8125,42.0,0.4293929712460064,higher,优化较优
timezone_crossings,结构-时区,0.0,78.0,78.0,,lower,实际较优或持平
timezone_crossing_rate,结构-时区,0.0,0.8125,0.8125,,lower,实际较优或持平
travel_mean_km,结构-旅行,18.986841230248416,2019.107530434384,2000.1206892041355,-105.34246665620675,lower,实际较优或持平
venue_change_rate,结构-旅行,0.78125,0.9479166666666666,0.16666666666666663,-0.2133333333333333,lower,实际较优或持平
venue_utilization_rate,结构-场馆,0.4519230769230769,0.25,-0.20192307692307693,-0.44680851063829785,higher,实际较优或持平
venue_daily_peak,结构-场馆,2.0,1.0,-1.0,0.5,lower,优化较优
capacity_occupancy_rate,结构-容量,0.8176886073110516,0.6172448789110785,-0.20044372839997315,-0.2451345495189511,higher,实际较优或持平
prime_coverage_rate,结构-黄金时段,0.25,0.625,0.375,1.5,higher,优化较优
expected_attendance_per_match,结构-观众,41451.666666666664,41704.916666666664,253.25,0.006109525149772828,higher,优化较优
T,代理-价值,0.41343295827910265,0.9182811899798237,0.504848231700721,1.2211126897142661,higher,优化较优
B,代理-价值,0.6339278723307509,0.7976456454813083,0.16371777315055747,0.2582593072436133,higher,优化较优
U,代理-竞技,0.4412746929527854,0.4614361111111111,0.020161418158325728,0.045689042404439266,higher,优化较优
H,代理-吸引力,0.64911875,0.639698611111111,-0.00942013888888893,-0.014512196557084401,higher,实际较优或持平
C,代理-成本,0.5343402678825874,0.38244514106583055,-0.15189512681675682,0.2842666666666666,lower,优化较优
D,代理-旅行,0.21302159493959003,0.20179651986210662,-0.01122507507748341,0.05269454057306577,lower,优化较优
F,代理-公平,0.6666666666666666,0.3333333333333333,-0.3333333333333333,0.5,lower,优化较优
R,代理-风险,0.45565380441553777,0.4166780933029532,-0.03897571111258458,0.08553799120053064,lower,优化较优
Z4,代理-综合,0.2770584013423814,0.48077849523532873,0.20372009389294732,0.7352965761222142,higher,优化较优
