match_id,group_id,round_in_group,team_a,team_b,venue_id,slot_id,city,country,reference_date,reference_kickoff_time,local_datetime,utc_datetime,required_security_level,expected_attendance,expected_tv_viewers,ticket_revenue_usd,broadcast_value_usd,travel_cost_index,fairness_penalty,risk_index,total_objective_value
GA01,A,1,Mexico,South Africa,V04,S061,Guadalajara,Mexico,2026-06-16,12:00,2026-06-16T10:00:00-06:00,2026-06-16T16:00:00+00:00,2,38058.0,151996192,3044640.0,2894007.4956800006,0.4123266780639328,0.3333333333333333,0.42584451471087903,0.48494641801626875
GA02,A,1,South Korea,Czechia,V16,S044,Vancouver,Canada,2026-06-14,21:00,2026-06-14T18:00:00-07:00,2026-06-15T01:00:00+00:00,3,45103.0,166165733,3608240.0,3213229.8618875,0.5176089455893774,0.3333333333333333,0.5282733944954129,
GA03,A,2,Mexico,South Korea,V04,S094,Guadalajara,Mexico,2026-06-19,21:00,2026-06-19T19:00:00-06:00,2026-06-20T01:00:00+00:00,3,44008.0,176238516,4180760.0,4314318.871680001,0.11503545409303395,0.3333333333333333,0.5296437561107529,
GA04,A,2,South Africa,Czechia,V05,S094,Houston,United States,2026-06-19,21:00,2026-06-19T20:00:00-05:00,2026-06-20T01:00:00+00:00,3,46116.0,150971917,4381020.0,3695792.52816,0.08598756023031767,0.3333333333333333,0.5115646635281086,
GA05,A,3,Mexico,Czechia,V03,S121,Dallas,United States,2026-06-22,12:00,2026-06-22T11:00:00-05:00,2026-06-22T16:00:00+00:00,2,37158.0,161170654,4087380.0,6453272.98616,0.08544675274669353,0.3333333333333333,0.3185893617021277,
GA06,A,3,South Africa,South Korea,V03,S141,Dallas,United States,2026-06-24,12:00,2026-06-24T11:00:00-05:00,2026-06-24T16:00:00+00:00,2,41308.0,157535011,4543880.0,6307701.84044,0.08544675274669353,0.3333333333333333,0.3318340425531915,
GB01,B,1,Canada,Bosnia and Herzegovina,V01,S014,Atlanta,United States,2026-06-11,21:00,2026-06-11T21:00:00-04:00,2026-06-12T01:00:00+00:00,3,47891.0,168119143,3831280.0,3150973.0376775004,0.27073486714204914,0.3333333333333333,0.487356338028169,
GB02,B,1,Qatar,Switzerland,V14,S013,Seattle,United States,2026-06-11,18:00,2026-06-11T15:00:00-07:00,2026-06-11T22:00:00+00:00,2,41648.0,162425582,3331840.0,1981186.036445,0.5815360977367676,0.3333333333333333,0.4044115942028985,
GB03,B,2,Canada,Qatar,V08,S051,Mexico City,Mexico,2026-06-15,12:00,2026-06-15T10:00:00-06:00,2026-06-15T16:00:00+00:00,3,47317.0,165232684,4495115.0,4163863.6368,0.11516268191067142,0.3333333333333333,0.387187082252665,
GB04,B,2,Bosnia and Herzegovina,Switzerland,V06,S051,Kansas City,United States,2026-06-15,12:00,2026-06-15T11:00:00-05:00,2026-06-15T16:00:00+00:00,2,33856.0,166071324,3216320.0,4184997.3647999996,0.08792737358330768,0.3333333333333333,0.4229145728643216,
GB05,B,3,Canada,Switzerland,V04,S104,Guadalajara,Mexico,2026-06-20,21:00,2026-06-20T19:00:00-06:00,2026-06-21T01:00:00+00:00,3,45758.0,182232928,5033380.0,7400843.671935999,0.11503545409303395,0.3333333333333333,0.5405651016205196,
GB06,B,3,Bosnia and Herzegovina,Qatar,V04,S191,Guadalajara,Mexico,2026-06-29,12:00,2026-06-29T10:00:00-06:00,2026-06-29T16:00:00+00:00,3,46989.0,157460898,5168790.0,6214666.722264,0.11503545409303395,0.3333333333333333,0.5482474880905328,
GC01,C,1,Brazil,Morocco,V09,S121,Miami,United States,2026-06-22,12:00,2026-06-22T12:00:00-04:00,2026-06-22T16:00:00+00:00,4,50404.0,202694998,4032320.0,4221123.33335,0.3380226065255092,0.3333333333333333,0.5634707489925426,
GC02,C,1,Haiti,Scotland,V01,S064,Atlanta,United States,2026-06-16,21:00,2026-06-16T21:00:00-04:00,2026-06-17T01:00:00+00:00,2,34899.0,146842469,2791920.0,2926937.5133425,0.23181436196144972,0.3333333333333333,0.36579389671361506,
GC03,C,2,Brazil,Haiti,V03,S151,Dallas,United States,2026-06-25,12:00,2026-06-25T11:00:00-05:00,2026-06-25T16:00:00+00:00,1,32034.0,157055149,3043230.0,3844710.0475200005,0.07629162458845762,0.3333333333333333,0.25223617021276595,
GC04,C,2,Morocco,Scotland,V08,S151,Mexico City,Mexico,2026-06-25,12:00,2026-06-25T10:00:00-06:00,2026-06-25T16:00:00+00:00,3,47021.0,177971695,4466995.0,4356747.0936,0.10250300464205883,0.3333333333333333,0.38617249180215485,
GC05,C,3,Brazil,Scotland,V01,S181,Atlanta,United States,2026-06-28,12:00,2026-06-28T12:00:00-04:00,2026-06-28T16:00:00+00:00,2,37830.0,179260999,4161300.0,6767461.234248,0.09347216001812451,0.3333333333333333,0.37817840375586853,
GC06,C,3,Morocco,Haiti,V05,S194,Houston,United States,2026-06-29,21:00,2026-06-29T20:00:00-05:00,2026-06-30T01:00:00+00:00,1,33507.0,155728860,3685770.0,5611845.19896,0.08598756023031767,0.3333333333333333,0.3258538724268439,
GD01,D,1,United States,Paraguay,V12,S021,Philadelphia,United States,2026-06-12,12:00,2026-06-12T12:00:00-04:00,2026-06-12T16:00:00+00:00,3,45358.0,180772536,3628640.0,3818367.89166,0.18737773437026967,0.3333333333333333,0.45551985746307266,
GD02,D,1,Australia,Turkey,V13,S021,San Francisco Bay Area,United States,2026-06-12,12:00,2026-06-12T09:00:00-07:00,2026-06-12T16:00:00+00:00,3,47267.0,181538577,3781360.0,3834548.5926825004,0.6917665349160219,0.3333333333333333,0.45700875912408767,
GD03,D,2,United States,Australia,V07,S103,Los Angeles,United States,2026-06-20,18:00,2026-06-20T15:00:00-07:00,2026-06-20T22:00:00+00:00,4,52473.0,178404898,4984935.0,2697482.0577599998,0.12736535279681516,0.3333333333333333,0.48411588838268793,
GD04,D,2,Paraguay,Turkey,V09,S054,Miami,United States,2026-06-15,21:00,2026-06-15T21:00:00-04:00,2026-06-16T01:00:00+00:00,4,56083.0,183285185,5327885.0,4354855.995600001,0.11770194122707428,0.3333333333333333,0.5897758117559868,
GD05,D,3,United States,Turkey,V03,S184,Dallas,United States,2026-06-28,21:00,2026-06-28T20:00:00-05:00,2026-06-29T01:00:00+00:00,3,50782.0,187392557,5586020.0,7610386.524884,0.07050824360738409,0.3333333333333333,0.41207021276595746,
GD06,D,3,Paraguay,Australia,V08,S141,Mexico City,Mexico,2026-06-24,12:00,2026-06-24T10:00:00-06:00,2026-06-24T16:00:00+00:00,3,49657.0,176929723,5462270.0,7084266.10892,0.09016584083907851,0.3333333333333333,0.39520783108440066,
GE01,E,1,Germany,Curacao,V02,S024,Boston,United States,2026-06-12,21:00,2026-06-12T21:00:00-04:00,2026-06-13T01:00:00+00:00,1,32210.0,156078853,2576800.0,3111041.7374225003,0.2517864663413139,0.3333333333333333,0.2833468937530992,
GE02,E,1,Ivory Coast,Ecuador,V01,S021,Atlanta,United States,2026-06-12,12:00,2026-06-12T12:00:00-04:00,2026-06-12T16:00:00+00:00,3,50415.0,187052046,4033200.0,3951006.841635,0.3268318375860685,0.3333333333333333,0.4980211267605634,
GE03,E,2,Germany,Ivory Coast,V01,S052,Atlanta,United States,2026-06-15,15:00,2026-06-15T15:00:00-04:00,2026-06-15T19:00:00+00:00,2,40477.0,189236854,3845315.0,2384384.3603999997,0.09347216001812451,0.3333333333333333,0.38936291079812213,
GE04,E,2,Curacao,Ecuador,V10,S054,Monterrey,Mexico,2026-06-15,21:00,2026-06-15T19:00:00-06:00,2026-06-16T01:00:00+00:00,2,34961.0,154365605,3321295.0,3667726.7748000007,0.09584633669339573,0.3333333333333333,0.409376323987539,
GE05,E,3,Germany,Ecuador,V05,S131,Houston,United States,2026-06-23,12:00,2026-06-23T11:00:00-05:00,2026-06-23T16:00:00+00:00,3,47231.0,196188398,5195410.0,8192042.7468880005,0.08466276537873822,0.3333333333333333,0.5161963445029079,
GE06,E,3,Curacao,Ivory Coast,V11,S134,New York/New Jersey,United States,2026-06-23,21:00,2026-06-23T21:00:00-04:00,2026-06-24T01:00:00+00:00,2,37457.0,153294366,4120270.0,6225590.791992,0.11612884678148784,0.3333333333333333,0.30120727272727277,
GF01,F,1,Netherlands,Japan,V16,S011,Vancouver,Canada,2026-06-11,12:00,2026-06-11T09:00:00-07:00,2026-06-11T16:00:00+00:00,3,48424.0,202236415,3873920.0,3790416.0081375,0.49024124897354443,0.3333333333333333,0.546554128440367,
GF02,F,1,Sweden,Tunisia,V02,S013,Boston,United States,2026-06-11,18:00,2026-06-11T18:00:00-04:00,2026-06-11T22:00:00+00:00,2,41625.0,161494872,3330000.0,1969833.7012199997,0.35980212462951683,0.3333333333333333,0.3928882682129593,
GF03,F,2,Netherlands,Sweden,V05,S051,Houston,United States,2026-06-15,12:00,2026-06-15T11:00:00-05:00,2026-06-15T16:00:00+00:00,3,46080.0,187190666,4377600.0,4717204.7832,0.08598756023031767,0.3333333333333333,0.5114151204652452,
GF04,F,2,Japan,Tunisia,V05,S081,Houston,United States,2026-06-18,12:00,2026-06-18T11:00:00-05:00,2026-06-18T16:00:00+00:00,2,41635.0,172688640,3955325.0,4227417.9072,0.08598756023031767,0.3333333333333333,0.4262840395089079,
GF05,F,3,Netherlands,Tunisia,V03,S134,Dallas,United States,2026-06-23,21:00,2026-06-23T20:00:00-05:00,2026-06-24T01:00:00+00:00,2,33648.0,166913528,3701280.0,6778692.199136,0.08376087915811234,0.3333333333333333,0.3073872340425532,
GF06,F,3,Japan,Sweden,V08,S184,Mexico City,Mexico,2026-06-28,21:00,2026-06-28T19:00:00-06:00,2026-06-29T01:00:00+00:00,4,50930.0,191685110,5602300.0,7784715.68732,0.11516268191067142,0.3333333333333333,0.4495712555556825,
GG01,G,1,Belgium,Egypt,V15,S014,Toronto,Canada,2026-06-11,21:00,2026-06-11T21:00:00-04:00,2026-06-12T01:00:00+00:00,2,39424.0,174530913,3153920.0,3271145.6369025004,0.42472983358465205,0.3333333333333333,0.4632717948717948,
GG02,G,1,Iran,New Zealand,V07,S012,Los Angeles,United States,2026-06-11,15:00,2026-06-11T12:00:00-07:00,2026-06-11T19:00:00+00:00,2,38877.0,152327058,3110160.0,1676740.090935,0.698104385195858,0.3333333333333333,0.3260464123006834,
GG03,G,2,Belgium,Iran,V04,S081,Guadalajara,Mexico,2026-06-18,12:00,2026-06-18T10:00:00-06:00,2026-06-18T16:00:00+00:00,3,44203.0,179374296,4199285.0,4391082.76608,0.11478989015026797,0.3333333333333333,0.530860706038984,
GG04,G,2,Egypt,New Zealand,V07,S041,Los Angeles,United States,2026-06-14,12:00,2026-06-14T09:00:00-07:00,2026-06-14T16:00:00+00:00,2,43509.0,151567166,4133355.0,3546671.6844,0.12663289447238926,0.3333333333333333,0.34583001138952163,
GG05,G,3,Belgium,New Zealand,V06,S134,Kansas City,United States,2026-06-23,21:00,2026-06-23T20:00:00-05:00,2026-06-24T01:00:00+00:00,2,34961.0,157207866,3845710.0,6384525.853992,0.08792737358330768,0.3333333333333333,0.4272526695979899,
GG06,G,3,Egypt,Iran,V05,S184,Houston,United States,2026-06-28,21:00,2026-06-28T20:00:00-05:00,2026-06-29T01:00:00+00:00,3,49711.0,168994781,5468210.0,6863216.045972,0.08598756023031767,0.3333333333333333,0.5264981999446137,
GH01,H,1,Spain,Cape Verde,V02,S033,Boston,United States,2026-06-13,18:00,2026-06-13T18:00:00-04:00,2026-06-13T22:00:00+00:00,2,38024.0,163581859,3041920.0,1703296.1068375,0.29708959502782184,0.3333333333333333,0.3764897740267363,
GH02,H,1,Saudi Arabia,Uruguay,V01,S033,Atlanta,United States,2026-06-13,18:00,2026-06-13T18:00:00-04:00,2026-06-13T22:00:00+00:00,2,35423.0,168894279,2833840.0,1758611.6800875,0.5230962940954297,0.3333333333333333,0.36800798122065725,
GH03,H,2,Spain,Saudi Arabia,V02,S081,Boston,United States,2026-06-18,12:00,2026-06-18T12:00:00-04:00,2026-06-18T16:00:00+00:00,2,34404.0,167284267,3268380.0,4095118.8561600004,0.12735503697949208,0.3333333333333333,0.3600047562666343,
GH04,H,2,Cape Verde,Uruguay,V07,S064,Los Angeles,United States,2026-06-16,21:00,2026-06-16T18:00:00-07:00,2026-06-17T01:00:00+00:00,1,32327.0,164848251,3071065.0,3976139.8141200007,0.12663289447238926,0.3333333333333333,0.24807089977220959,
GH05,H,3,Spain,Uruguay,V08,S131,Mexico City,Mexico,2026-06-23,12:00,2026-06-23T10:00:00-06:00,2026-06-23T16:00:00+00:00,4,58377.0,205695590,6421470.0,8589025.05604,0.11484016844503914,0.3333333333333333,0.47509711732915916,
GH06,H,3,Cape Verde,Saudi Arabia,V08,S191,Mexico City,Mexico,2026-06-29,12:00,2026-06-29T10:00:00-06:00,2026-06-29T16:00:00+00:00,3,46248.0,151026973,5087280.0,5960732.570363999,0.11484016844503914,0.3333333333333333,0.38352290255132937,
GI01,I,1,France,Senegal,V02,S041,Boston,United States,2026-06-14,12:00,2026-06-14T12:00:00-04:00,2026-06-14T16:00:00+00:00,2,40598.0,188065671,3247840.0,3636719.9129625,0.3140875897562304,0.3333333333333333,0.38821144135118446,
GI02,I,1,Iraq,Norway,V14,S061,Seattle,United States,2026-06-16,12:00,2026-06-16T09:00:00-07:00,2026-06-16T16:00:00+00:00,2,41981.0,158641319,3358480.0,3020530.7137600007,0.5313041453760958,0.3333333333333333,0.405859420289855,
GI03,I,2,France,Iraq,V06,S094,Kansas City,United States,2026-06-19,21:00,2026-06-19T20:00:00-05:00,2026-06-20T01:00:00+00:00,2,37304.0,159542745,3543880.0,3905606.3976,0.08420924784339714,0.3333333333333333,0.4364510050251256,
GI04,I,2,Senegal,Norway,V08,S104,Mexico City,Mexico,2026-06-20,21:00,2026-06-20T19:00:00-06:00,2026-06-21T01:00:00+00:00,3,43334.0,183010665,4116730.0,4677752.5974,0.11484016844503914,0.3333333333333333,0.3735346708865098,
GI05,I,3,France,Norway,V04,S131,Guadalajara,Mexico,2026-06-23,12:00,2026-06-23T10:00:00-06:00,2026-06-23T16:00:00+00:00,3,42132.0,183517108,4634520.0,7662940.361648001,0.11503545409303395,0.3333333333333333,0.5179360737242829,
GI06,I,3,Senegal,Iraq,V01,S141,Atlanta,United States,2026-06-24,12:00,2026-06-24T12:00:00-04:00,2026-06-24T16:00:00+00:00,2,37006.0,160704278,4070660.0,6434599.291119999,0.09347216001812451,0.3333333333333333,0.37469671361502344,
GJ01,J,1,Argentina,Algeria,V02,S121,Boston,United States,2026-06-22,12:00,2026-06-22T12:00:00-04:00,2026-06-22T16:00:00+00:00,2,42249.0,179023926,3379920.0,3728173.2589499997,0.38036800160682654,0.3333333333333333,0.3957298845340377,
GJ02,J,1,Austria,Jordan,V02,S114,Boston,United States,2026-06-21,21:00,2026-06-21T21:00:00-04:00,2026-06-22T01:00:00+00:00,2,39723.0,165561957,3177840.0,3349318.39011,0.42932151269112484,0.3333333333333333,0.38422680308044166,
GJ03,J,2,Argentina,Austria,V04,S151,Guadalajara,Mexico,2026-06-25,12:00,2026-06-25T10:00:00-06:00,2026-06-25T16:00:00+00:00,3,46961.0,197883709,4461295.0,4844193.196320001,0.11478989015026797,0.3333333333333333,0.5480727465623765,
GJ04,J,2,Algeria,Jordan,V05,S171,Houston,United States,2026-06-27,12:00,2026-06-27T11:00:00-05:00,2026-06-27T16:00:00+00:00,3,44133.0,162218447,4192635.0,3971107.5825600005,0.08466276537873822,0.3333333333333333,0.5033273331487124,
GJ05,J,3,Argentina,Jordan,V11,S201,New York/New Jersey,United States,2026-06-30,12:00,2026-06-30T12:00:00-04:00,2026-06-30T16:00:00+00:00,1,31616.0,164325181,3477760.0,5827628.218984001,0.11772365769125177,0.3333333333333333,0.22996727272727274,
GJ06,J,3,Algeria,Austria,V05,S202,Houston,United States,2026-06-30,15:00,2026-06-30T14:00:00-05:00,2026-06-30T19:00:00+00:00,3,43288.0,180900556,4761680.0,4345954.957344,0.08731235508189714,0.3333333333333333,0.4998172251453892,
GK01,K,1,Portugal,DR Congo,V02,S064,Boston,United States,2026-06-16,21:00,2026-06-16T21:00:00-04:00,2026-06-17T01:00:00+00:00,1,31289.0,155044678,2503120.0,3090428.0442350004,0.40867890164637416,0.3333333333333333,0.2791527773561229,
GK02,K,1,Uzbekistan,Colombia,V01,S114,Atlanta,United States,2026-06-21,21:00,2026-06-21T21:00:00-04:00,2026-06-22T01:00:00+00:00,2,42345.0,169420662,3387600.0,3427379.9922600007,0.4006743940261613,0.3333333333333333,0.39725586854460093,
GK03,K,2,Portugal,Uzbekistan,V03,S171,Dallas,United States,2026-06-27,12:00,2026-06-27T11:00:00-05:00,2026-06-27T16:00:00+00:00,2,35073.0,161823677,3331935.0,3961443.6129600005,0.08207500556953116,0.3333333333333333,0.3119351063829787,
GK04,K,2,DR Congo,Colombia,V06,S171,Kansas City,United States,2026-06-27,12:00,2026-06-27T11:00:00-05:00,2026-06-27T16:00:00+00:00,2,36558.0,163015429,3473010.0,3990617.7019200004,0.08420924784339714,0.3333333333333333,0.43352229899497485,
GK05,K,3,Portugal,Colombia,V15,S203,Toronto,Canada,2026-06-30,18:00,2026-06-30T18:00:00-04:00,2026-06-30T22:00:00+00:00,3,45500.0,198264656,5005000.0,4082665.7963520004,0.10663853526751774,0.3333333333333333,0.5700000000000001,
GK06,K,3,DR Congo,Uzbekistan,V04,S202,Guadalajara,Mexico,2026-06-30,15:00,2026-06-30T13:00:00-06:00,2026-06-30T19:00:00+00:00,2,43065.0,149470387,4737150.0,3590876.5772880004,0.11478989015026797,0.3333333333333333,0.4570920444065375,
GL01,L,1,England,Croatia,V12,S011,Philadelphia,United States,2026-06-11,12:00,2026-06-11T12:00:00-04:00,2026-06-11T16:00:00+00:00,3,47972.0,199337079,3837760.0,3736075.2031575,0.35672463872596943,0.3333333333333333,0.4667877464222082,
GL02,L,1,Ghana,Panama,V09,S012,Miami,United States,2026-06-11,15:00,2026-06-11T15:00:00-04:00,2026-06-11T19:00:00+00:00,1,32445.0,144154622,2595600.0,1586782.001665,0.2775314162454311,0.3333333333333333,0.33028486729352907,
GL03,L,2,England,Ghana,V13,S054,San Francisco Bay Area,United States,2026-06-15,21:00,2026-06-15T18:00:00-07:00,2026-06-16T01:00:00+00:00,2,42319.0,172920056,4020305.0,4108580.5305600003,0.13681226199359015,0.3333333333333333,0.36867201946472017,
GL04,L,2,Croatia,Panama,V10,S044,Monterrey,Mexico,2026-06-14,21:00,2026-06-14T19:00:00-06:00,2026-06-15T01:00:00+00:00,1,31920.0,148069389,3032400.0,3464823.7026000004,0.09584633669339573,0.3333333333333333,0.3256573208722741,
GL05,L,3,England,Panama,V06,S191,Kansas City,United States,2026-06-29,12:00,2026-06-29T11:00:00-05:00,2026-06-29T16:00:00+00:00,1,30170.0,153624279,3318700.0,6063243.043571999,0.08420924784339714,0.3333333333333333,0.3084437814070352,
GL06,L,3,Croatia,Ghana,V03,S104,Dallas,United States,2026-06-20,21:00,2026-06-20T20:00:00-05:00,2026-06-21T01:00:00+00:00,2,40667.0,167334792,4473370.0,6795800.572704,0.08207500556953116,0.3333333333333333,0.32978829787234043,
